City,Country,City Number,Temperature,Humidity,Latitude,Longtitude,Clouds,Wind Speed,Max Temperature
Grindavik,IS,3416888,48.2,93,63.84,-22.43,90,9.17,48.2
Tasiilaq,GL,3424607,44.6,83,65.61,-37.64,75,27.51,44.6
Francistown,BW,933778,60.8,51,-21.17,27.51,0,9.17,60.8
Longyearbyen,SJ,2729907,44.6,56,78.22,15.64,75,5.82,44.6
Barrow,US,5880054,39.2,86,71.29,-156.79,90,3.36,39.2
Albany,US,5106841,75.13,70,42.6,-73.97,100,5.88,77.0
Severo-Kuril'sk,RU,2121385,47.46,79,50.68,156.12,11,14.54,47.46
Tezu,IN,1254709,76.59,78,27.92,96.17,100,2.68,76.59
Kangaatsiaq,GL,3422683,40.66,88,68.31,-53.46,100,13.49,40.66
Yellowknife,CA,6185377,76.15,44,62.46,-114.35,20,3.36,79.0
Ellsworth,US,4963692,68.74,94,44.54,-68.42,90,6.93,70.0
Busselton,AU,2075265,47.64,88,-33.65,115.33,81,12.01,48.0
Jamestown,US,5122534,77.43,57,42.1,-79.24,75,6.93,78.01
Nikolskoye,RU,546105,57.96,77,59.7,30.79,40,11.18,59.0
Ushuaia,AR,3833367,30.2,80,-54.8,-68.3,0,0.85,30.2
Mataura,NZ,6201424,39.0,83,-46.19,168.86,100,3.0,39.0
Rikitea,PF,4030556,69.1,59,-23.12,-134.97,0,16.13,69.1
Souillac,MU,933995,64.4,88,-20.52,57.52,20,4.7,64.4
Beringovskiy,RU,2126710,41.7,96,63.05,179.32,100,8.61,41.7
Chui,UY,3443061,57.94,96,-33.7,-53.46,100,8.75,57.94
Port Alfred,ZA,964432,55.0,90,-33.59,26.89,0,3.0,55.0
Constantine,DZ,2501152,84.2,35,36.37,6.61,20,6.93,84.2
East London,ZA,1006984,59.94,73,-33.02,27.91,4,11.88,59.94
Araouane,ML,2460954,96.75,22,18.9,-3.53,2,18.66,96.75
Broome,US,5110365,71.31,77,42.25,-75.83,90,9.17,73.0
Puerto Ayora,EC,3652764,74.5,73,-0.74,-90.35,75,17.22,77.0
Kapaa,US,5848280,81.72,69,22.08,-159.32,75,10.29,82.4
Måløy,NO,3146487,54.21,58,61.94,5.11,40,17.22,57.2
Talnakh,RU,1490256,51.8,87,69.49,88.4,41,8.95,51.8
Bethel,US,5282297,69.55,83,41.37,-73.41,75,8.05,72.0
Lázaro Cárdenas,MX,4026082,86.5,63,17.96,-102.2,13,11.52,86.5
Cape Town,ZA,3369157,52.86,100,-33.93,18.42,22,3.36,54.0
Vaini,TO,4032243,71.6,94,-21.2,-175.2,40,9.17,71.6
Det Udom,TH,1610940,75.2,100,14.91,105.08,40,7.31,75.2
Bredasdorp,ZA,1015776,51.8,93,-34.53,20.04,100,2.24,51.8
Bluff,NZ,2206939,39.0,83,-46.6,168.33,100,3.0,39.0
Solnechnyy,RU,2016307,59.56,71,50.72,136.63,78,5.01,59.56
Fortuna,US,5563839,61.23,77,40.6,-124.16,1,17.22,64.99
Camargo,MX,4013724,88.9,30,27.67,-105.17,92,5.97,88.9
Viranşehir,TR,298033,82.96,27,37.24,39.76,86,8.61,82.96
College,US,5859699,53.02,58,64.86,-147.8,75,4.7,54.0
Port Lincoln,AU,2063036,53.58,74,-34.73,135.87,0,15.48,53.58
Vanimo,PG,2084442,77.72,80,-2.67,141.3,100,3.38,77.72
Norman Wells,CA,6089245,69.8,60,65.28,-126.83,75,18.34,69.8
Palu,ID,1633034,74.17,80,-0.89,119.87,1,2.66,74.17
Faya,SA,110690,77.0,50,18.39,42.45,40,4.7,77.0
Butaritari,KI,2110227,82.08,74,3.07,172.79,28,7.47,82.08
Sabha,LY,2212775,90.63,16,27.04,14.43,0,6.38,90.63
Thompson,CA,6165406,64.4,82,55.74,-97.86,90,10.29,64.4
Isla Vista,US,5359864,70.93,64,34.41,-119.86,1,8.05,73.99
Kumul,CN,1529484,72.07,27,42.8,93.45,0,3.85,72.07
Mar del Plata,AR,3430863,50.27,81,-38.0,-57.56,90,20.8,51.01
Saskylakh,RU,2017155,79.39,37,71.92,114.08,74,7.36,79.39
Tianpeng,CN,1792916,82.74,65,30.99,103.94,40,4.47,86.0
Pangody,RU,1495626,49.08,82,65.85,74.49,100,8.48,49.08
Maicao,CO,3675657,89.64,51,11.38,-72.24,7,13.65,89.64
Hithadhoo,MV,1282256,84.36,64,-0.6,73.08,0,2.3,84.36
Isangel,VU,2136825,68.0,72,-19.55,169.27,40,13.18,68.0
Manche,FR,2996268,68.0,77,49.0,-1.17,75,11.41,68.0
Tuktoyaktuk,CA,6170031,62.6,63,69.45,-133.04,75,9.17,62.6
São Félix do Xingu,BR,3388847,87.51,52,-6.64,-51.99,83,2.35,87.51
Punta Arenas,CL,3874787,33.39,86,-53.15,-70.92,75,3.36,33.8
Atuona,PF,4020109,79.97,77,-9.8,-139.03,7,18.79,79.97
Río Gallegos,AR,3838859,32.0,90,-51.62,-69.22,20,3.36,32.0
Acaraú,BR,3408368,80.06,74,-2.89,-40.12,0,12.24,80.06
Qaanaaq,GL,3831208,41.23,74,77.48,-69.36,28,2.73,41.23
Blackfoot,US,5586093,55.81,66,43.19,-112.34,90,14.99,55.99
New Norfolk,AU,2155415,37.94,84,-42.78,147.06,39,2.59,39.99
Nikol'sk,RU,521776,47.7,93,53.72,46.07,44,6.6,47.7
Cedar City,US,5536630,73.4,11,37.68,-113.06,1,12.75,73.4
Olbia,IT,6540127,78.8,65,40.92,9.49,0,3.36,78.8
Tiksi,RU,2015306,45.86,63,71.69,128.87,0,5.3,45.86
Ingham,US,4997130,84.99,42,42.6,-84.38,1,8.05,87.01
Talara,PE,3691582,68.54,74,-4.58,-81.27,1,21.16,68.54
Ketchikan,US,5554428,60.48,59,55.34,-131.65,75,17.22,62.6
Itamarandiba,BR,3460825,64.31,83,-17.86,-42.86,85,2.93,64.31
Alofi,NU,4036284,77.0,100,-19.06,-169.92,97,5.82,77.0
Bagaces,CR,3624822,87.8,55,10.53,-85.25,40,13.87,87.8
Airai,TL,1651810,53.89,81,-8.93,125.41,90,2.24,53.89
Saint George,US,5546220,84.58,10,37.1,-113.58,1,4.7,87.01
Aklavik,CA,5882953,64.4,68,68.22,-135.01,75,4.7,64.4
Richards Bay,ZA,962367,63.77,71,-28.78,32.04,74,4.61,63.77
Winnemucca,US,5710360,73.4,23,40.97,-117.74,1,4.7,73.4
Coquimbo,CL,3893629,62.6,59,-29.95,-71.34,14,4.7,62.6
Hobart,AU,2163355,37.71,93,-42.88,147.33,98,5.82,39.99
Celestún,MX,3531368,89.91,56,20.87,-90.4,0,13.29,89.91
Baghdad,IQ,98182,89.6,24,33.34,44.4,0,3.36,89.6
Saint Paul Harbor,US,5866583,57.2,62,57.79,-152.41,1,8.05,57.2
Upernavik,GL,3418910,40.35,74,72.79,-56.15,82,10.71,40.35
Qaqortoq,GL,3420846,55.4,50,60.72,-46.03,40,10.29,55.4
Aykhal,RU,2027296,69.8,40,66.0,111.5,0,4.47,69.8
Haines Junction,CA,5969025,66.79,30,60.75,-137.51,0,5.12,66.79
Lavrentiya,RU,4031637,44.55,76,65.58,-171.0,100,10.67,44.55
Carnarvon,AU,2074865,57.2,100,-24.87,113.63,0,8.05,57.2
Maridi,SS,370457,68.56,93,4.92,29.47,100,2.68,68.56
Hilo,US,5855927,76.95,65,19.73,-155.09,40,5.82,82.4
Tuatapere,NZ,2180815,39.0,83,-46.13,167.68,96,3.0,39.0
Hasaki,JP,2112802,77.92,83,35.73,140.83,75,16.11,78.8
Sysert',RU,1490402,48.2,87,56.5,60.82,20,6.71,48.2
Puerto Madryn,AR,3840092,50.36,71,-42.77,-65.04,61,2.26,50.36
Paris,FR,2988507,70.05,68,48.85,2.35,75,9.17,71.6
Ternate,ID,1624041,79.47,77,0.8,127.4,51,1.57,79.47
Glendive,US,5654391,61.39,93,47.11,-104.71,90,5.82,62.01
Pevek,RU,2122090,34.09,98,69.7,170.31,100,12.41,34.09
Los Llanos de Aridane,ES,2514651,68.2,83,28.66,-17.92,75,16.11,71.6
Lagoa,PT,3372964,66.72,88,39.05,-27.98,100,7.29,66.72
Balabac,PH,1728675,82.4,79,7.99,117.06,31,9.04,82.4
Eyl,SO,60019,82.18,65,7.98,49.82,100,25.3,82.18
Lorengau,PG,2092164,81.82,73,-2.02,147.27,100,3.76,81.82
Pedernales,DO,3495137,87.24,57,18.04,-71.74,7,7.58,87.24
Kasongo-Lunda,CD,2315026,74.93,34,-6.47,16.82,96,0.34,74.93
Kaseda-shirakame,JP,1859964,69.01,100,31.42,130.32,86,5.99,69.01
Iqaluit,CA,5983720,44.29,70,63.75,-68.51,75,4.7,44.6
Kaitangata,NZ,2208248,44.01,72,-46.28,169.85,100,8.99,44.01
Jahāngīrpur,IN,1269548,93.0,5,28.18,77.72,0,9.22,93.0
Narsaq,GL,3421719,55.4,50,60.92,-46.05,40,10.29,55.4
Saint Anthony,US,5044290,86.76,62,45.02,-93.22,20,12.75,88.0
Mehamn,NO,778707,41.0,86,71.04,27.85,75,17.22,41.0
Kevsala,RU,550918,72.7,64,45.8,42.69,12,4.97,72.7
Teluknaga,ID,1990589,78.8,83,-6.1,106.64,40,4.7,80.01
Hermanus,ZA,3366880,52.0,91,-34.42,19.23,88,6.98,52.0
Iaciara,BR,3461641,82.44,34,-14.1,-46.63,4,2.57,82.44
Traralgon,AU,2146108,42.01,91,-38.18,146.53,2,1.9,42.01
Saint-Philippe,RE,935215,61.77,56,-21.36,55.77,0,6.93,68.0
São Filipe,CV,3374210,74.03,75,14.9,-24.5,23,10.33,74.03
Touros,BR,3386213,80.6,74,-5.2,-35.46,20,11.41,80.6
George Town,MY,1735106,82.2,88,5.41,100.34,20,2.24,82.4
Westport,US,4845585,70.02,88,41.14,-73.36,90,4.7,72.0
Elko,US,5703673,66.0,30,41.0,-115.5,75,11.41,69.8
Bengkulu,ID,1649150,75.76,79,-3.8,102.27,12,3.96,75.76
Verkhnevilyuysk,RU,2013639,65.43,65,63.45,120.32,0,2.39,65.43
Tselinnoye,RU,1489138,60.64,84,53.08,85.67,100,5.5,60.64
Mezen',RU,527321,55.96,57,65.85,44.24,100,10.51,55.96
Manokwari,ID,1636308,80.2,69,-0.87,134.08,100,4.61,80.2
San Patricio,MX,3985168,89.6,66,19.22,-104.7,20,11.41,89.6
Lubao,PH,1705441,75.2,83,14.92,120.55,40,4.7,77.0
Antigonish,CA,5886182,76.1,78,45.62,-62.0,100,1.01,80.01
São José da Coroa Grande,BR,3388456,77.13,79,-8.9,-35.15,32,8.41,77.13
Clyde River,CA,5924351,35.6,93,70.47,-68.59,75,12.75,35.6
Kalmunai,LK,1242110,81.1,73,7.42,81.82,76,12.08,81.1
Mut,TR,304013,78.94,23,36.64,33.44,0,5.93,78.94
Cidreira,BR,3466165,61.54,94,-30.18,-50.21,100,12.68,61.54
Provideniya,RU,4031574,44.6,87,64.38,-173.3,90,13.42,44.6
Concordia,AR,3435261,53.82,87,-31.39,-58.02,90,18.34,54.0
Ossora,RU,2122389,51.57,73,59.24,163.07,100,10.85,51.57
Kailua,US,5847486,79.16,74,21.4,-157.74,40,10.29,82.4
Antofagasta,CL,3899539,63.36,77,-23.65,-70.4,75,14.99,64.99
Prince Rupert,CA,6113406,59.0,77,54.32,-130.32,1,5.82,59.0
Itoman,JP,1861280,82.27,94,26.12,127.67,40,18.34,82.4
Khatanga,RU,2022572,66.7,70,71.97,102.5,16,3.56,66.7
Luwuk,ID,1637001,76.32,80,-0.95,122.79,53,4.9,76.32
Kununurra,AU,2068110,55.4,30,-15.77,128.73,42,3.36,55.4
Hengyang,CN,1808370,78.35,93,26.89,112.61,100,3.87,78.35
Kargasok,RU,1504382,57.51,70,59.06,80.86,88,8.48,57.51
Castro,BR,3466704,62.71,84,-24.79,-50.01,60,24.61,62.71
Rosarito,MX,3988392,72.03,56,32.33,-117.03,40,11.41,73.99
Husavik,IS,2629833,53.6,58,66.04,-17.34,0,12.75,53.6
Buala,SB,2109528,78.33,79,-8.14,159.59,13,2.82,78.33
Buraidah,SA,107304,98.6,20,26.33,43.98,0,9.17,98.6
Lebu,CL,3883457,53.04,86,-37.62,-73.65,100,17.83,53.04
Collie,AU,2074113,46.99,82,-33.37,116.15,9,1.01,46.99
Kaduqli,SD,373141,79.09,66,11.02,29.72,8,6.24,79.09
Huarmey,PE,3939168,67.68,68,-10.07,-78.15,17,11.32,67.68
Dosso,NE,2445488,88.0,52,13.05,3.19,98,6.71,88.0
Alexandria,EG,361058,77.0,78,31.22,29.96,0,9.17,77.0
Hambantota,LK,1244926,80.94,81,6.12,81.12,99,14.45,80.94
Kadirli,TR,310892,77.0,87,37.37,36.1,62,1.99,77.0
Cherskiy,RU,2126199,46.69,66,68.75,161.3,46,8.43,46.69
Biržai,LT,600438,56.57,87,56.2,24.75,19,11.05,56.57
Port Elizabeth,ZA,964420,59.0,82,-33.92,25.57,0,10.29,59.0
Dunedin,NZ,2191562,42.01,87,-45.87,170.5,100,1.99,42.01
Tire,TR,299137,78.8,39,38.09,27.74,0,2.24,78.8
Vardø,NO,777019,42.8,100,70.37,31.11,75,12.75,42.8
Alekseyevsk,RU,2022083,63.57,67,57.84,108.35,9,2.21,63.57
Sørkjosen,NO,777572,47.01,77,69.8,20.93,99,2.86,47.01
Siraha,NP,1282770,84.43,67,26.65,86.21,31,5.5,84.43
Ponta do Sol,PT,2264557,67.44,73,32.67,-17.1,75,9.17,69.8
Mount Isa,AU,2065594,60.8,55,-20.73,139.5,7,3.36,60.8
Pleasanton,US,5383777,89.47,19,37.66,-121.87,1,6.93,90.0
Grottaglie,IT,3175773,83.57,49,40.54,17.43,0,3.02,84.99
Salinópolis,BR,3389822,80.73,84,-0.61,-47.36,25,10.02,80.73
Tuscaloosa,US,4094455,90.72,62,33.21,-87.57,1,5.82,93.0
Kendari,ID,1640344,72.77,94,-3.94,122.5,10,3.15,72.77
Yarim,YE,69559,65.86,55,14.3,44.38,100,0.85,65.86
Ust-Tsilma,RU,477940,49.21,83,65.44,52.15,98,4.76,49.21
Taltal,CL,3870243,69.01,39,-25.4,-70.48,0,4.83,69.01
Algiers,DZ,2507480,86.0,48,36.75,3.04,20,5.82,86.0
Cairns,AU,2172797,68.52,94,-16.92,145.77,75,11.41,69.01
Honiara,SB,2108502,73.4,94,-9.43,159.95,20,3.36,73.4
Xining,CN,1788852,55.17,83,36.62,101.77,100,3.31,55.17
Hobyo,SO,57000,80.15,72,5.35,48.53,100,27.0,80.15
Potsdam,DE,2852458,67.23,52,52.4,13.07,56,6.53,68.0
North Bay,CA,6089426,83.59,48,46.32,-79.47,75,8.05,84.99
Vestmannaeyjar,IS,3412093,48.47,78,63.44,-20.27,93,4.43,48.47
Faanui,PF,4034551,78.31,74,-16.48,-151.75,3,25.28,78.31
Esperance,AU,2071860,50.0,71,-33.87,121.9,40,24.16,50.0
Iranshahr,IR,1160939,98.6,39,27.2,60.68,0,13.87,98.6
Makakilo City,US,5850554,81.48,61,21.35,-158.09,20,6.93,82.4
Torbay,CA,6167817,73.4,83,47.67,-52.73,90,10.29,73.4
Abashiri,JP,2130741,62.01,82,44.02,144.27,100,1.99,62.01
Merauke,ID,2082539,75.51,83,-8.47,140.33,68,14.38,75.51
Andilamena,MG,1076194,54.66,96,-17.02,48.58,38,3.33,54.66
Katsuura,JP,2112309,75.69,94,35.13,140.3,75,11.41,78.01
Lima,PE,3936456,64.2,74,-12.04,-77.03,77,9.17,64.2
Arlit,NE,2447513,93.63,12,18.74,7.39,0,1.01,93.63
Bogale,MM,1328121,79.66,88,16.28,95.4,83,5.26,79.66
Clarence Town,AU,2171465,44.49,100,-32.58,151.78,0,6.93,48.0
Ginir,ET,336454,58.84,89,7.13,40.7,0,7.63,58.84
Lompoc,US,5367788,65.48,68,34.64,-120.46,7,13.87,69.01
Yuncheng,CN,1785738,75.29,58,35.02,110.99,81,5.08,75.29
Tacoronte,ES,2510725,65.14,88,28.48,-16.41,75,19.46,66.0
Suzun,RU,1490551,62.69,78,53.78,82.31,100,5.28,62.69
Çumra,TR,317844,71.6,24,37.57,32.77,0,8.05,71.6
Labuhan,ID,8079926,76.03,84,-6.88,112.21,41,7.11,76.03
Cajamarca,PE,3699088,64.35,57,-7.16,-78.5,77,6.06,64.35
Aginskoye,RU,2028078,59.58,84,51.1,114.53,91,5.75,59.58
Xai-Xai,MZ,1024552,66.69,81,-25.05,33.64,79,10.96,66.69
Pierre,US,5767918,84.33,62,44.37,-100.35,75,11.41,86.0
Saltpond,GH,2295672,75.7,84,5.21,-1.06,89,9.98,75.7
Mahébourg,MU,934322,64.4,88,-20.41,57.7,20,4.7,64.4
Kaeo,NZ,2189343,46.02,3,-35.1,173.78,6,5.99,46.99
Kondinskoye,RU,1502697,46.35,82,59.65,67.41,0,4.76,46.35
Vilyuysk,RU,2013392,67.15,59,63.76,121.62,0,2.57,67.15
Inhambane,MZ,1045114,67.39,82,-23.86,35.38,65,10.45,67.39
Ardmore,US,4529469,88.65,58,34.17,-97.14,90,9.17,91.0
Berlevåg,NO,780687,41.0,86,70.86,29.09,75,17.22,41.0
Muş Province,TR,304041,58.01,69,39.0,41.75,80,4.9,58.01
Kirakira,SB,2178753,77.72,83,-10.45,161.92,9,7.11,77.72
Alugan,PH,1731248,80.2,79,12.22,125.48,36,2.57,80.2
Laguna,US,5364271,88.48,27,38.42,-121.42,1,5.82,90.0
Port Dickson,MY,1734815,80.31,83,2.52,101.8,20,3.36,80.6
Ribeira Grande,PT,3372707,71.6,83,38.52,-28.7,40,17.22,71.6
Te Anau,NZ,2181625,38.07,85,-45.42,167.72,95,3.76,38.07
Malu Mare,RO,673982,71.6,49,44.23,23.87,0,8.05,71.6
Nabire,ID,1634614,74.52,88,-3.37,135.48,100,3.96,74.52
Suntar,RU,2015913,64.92,70,62.14,117.63,0,1.74,64.92
Vila do Maio,CV,3374120,78.8,65,15.13,-23.22,75,20.8,78.8
Örnsköldsvik,SE,2686469,57.2,82,63.29,18.72,100,3.36,57.2
Mattru,SL,2409215,74.44,96,7.62,-11.83,93,2.82,74.44
Strezhevoy,RU,1490796,50.0,100,60.73,77.59,92,2.24,50.0
Laas,IT,3175096,64.4,82,46.62,10.7,40,8.05,64.4
Teahupoo,PF,4033543,80.6,57,-17.83,-149.27,20,3.36,80.6
Kidal,ML,2455290,83.55,45,18.44,1.41,33,12.06,83.55
Cataingan,PH,1717994,79.18,85,12.0,123.99,51,8.66,79.18
Whitehorse,CA,6180550,62.91,45,60.72,-135.05,75,6.93,64.99
Kota,IN,1266049,91.38,50,25.18,75.83,3,8.81,91.38
Gadag,IN,1271850,73.83,83,15.42,75.62,100,12.1,73.83
Menongue,AO,3347353,53.65,40,-14.66,17.69,0,4.52,53.65
Karratha,AU,6620339,70.88,52,-20.74,116.85,100,2.37,70.88
Port Blair,IN,1259385,82.29,79,11.67,92.75,100,15.75,82.29
Atar,MR,2381334,102.85,12,20.52,-13.05,39,6.44,102.85
Chenzhou,CN,1815059,77.76,87,25.8,113.03,100,3.76,77.76
Polignano a Mare,IT,6537556,82.22,100,41.0,17.22,0,5.12,84.99
Olafsvik,IS,3414079,50.36,88,64.89,-23.71,62,9.22,50.36
Inuvik,CA,5983607,64.4,55,68.35,-133.72,90,4.7,64.4
Udachny,RU,2014624,69.8,40,66.42,112.4,0,4.47,69.8
Nässjö,SE,2690170,55.4,93,57.65,14.7,92,14.99,55.4
Evensk,RU,2125693,53.29,47,61.95,159.23,0,8.72,53.29
Paamiut,GL,3421193,39.63,93,61.99,-49.67,100,6.69,39.63
San Roque,ES,2511239,78.8,69,36.21,-5.38,0,2.24,78.8
Cochrane,CA,5924618,50.97,93,51.18,-114.47,90,17.22,51.8
Kitgum,UG,230893,67.8,88,3.28,32.89,97,0.56,67.8
Cassilândia,BR,3466750,80.73,45,-19.11,-51.73,49,8.12,80.73
Kuna,US,5597955,69.08,59,43.49,-116.42,40,8.05,72.0
Bosaso,SO,64013,95.45,40,11.28,49.18,100,25.14,95.45
Conde,BR,3385077,80.6,74,-7.26,-34.91,40,11.41,80.6
Impruneta,IT,3175528,78.04,42,43.69,11.25,0,6.93,80.6
Mikhaylovka,RU,527012,55.99,85,50.06,43.24,9,1.01,55.99
Rio de Janeiro,BR,3451190,81.41,51,-22.9,-43.21,20,11.41,82.4
Yulara,AU,6355222,44.6,42,-25.24,130.99,1,4.16,44.6
Yar-Sale,RU,1486321,45.95,83,66.83,70.83,100,3.47,45.95
Kavieng,PG,2094342,81.66,78,-2.57,150.8,25,10.27,81.66
Harsīn,IR,131962,82.4,9,34.27,47.59,0,11.41,82.4
Lata,PT,2738381,69.01,78,40.16,-8.33,0,8.99,69.01
Zhaotong,CN,1784841,62.31,87,27.32,103.72,100,0.98,62.31
Chipinge,ZW,893549,50.72,84,-20.19,32.62,7,4.61,50.72
Libertador General San Martín,AR,3846915,75.51,22,-23.81,-64.79,8,3.51,75.51
Basco,PH,1726449,84.72,80,20.45,121.97,100,12.1,84.72
Kloulklubed,PW,7671223,75.2,94,7.04,134.26,75,2.35,75.2
Udarnyy,RU,826996,53.31,83,54.34,42.86,97,7.83,53.31
Ahipara,NZ,2194098,52.09,77,-35.17,173.17,20,10.07,52.09
Bambous Virieux,MU,1106677,65.64,88,-20.34,57.76,20,4.7,66.99
Hualmay,PE,3939761,66.83,70,-11.1,-77.61,72,10.49,66.83
High Level,CA,5975004,73.4,53,58.52,-117.14,75,11.41,73.4
Singaraja,ID,1626932,77.85,74,-8.11,115.09,6,4.32,77.85
Hamilton,US,4513583,81.03,66,39.18,-84.53,90,8.05,84.2
Le Port,RE,935616,62.11,72,-20.94,55.29,20,6.93,68.0
Kruisfontein,ZA,986717,50.83,81,-34.0,24.73,0,4.23,50.83
Ayr,GB,2656708,58.35,87,55.46,-4.63,40,6.93,60.01
Leningradskiy,RU,2123814,34.45,97,69.38,178.42,100,4.65,34.45
Chokurdakh,RU,2126123,47.8,49,70.63,147.92,2,9.06,47.8
Calama,CL,3897347,68.0,6,-22.47,-68.93,0,23.04,68.0
Malbork,PL,3092472,62.49,82,54.04,19.03,20,4.7,64.0
Caravelas,BR,3466980,72.61,91,-17.71,-39.25,83,4.18,72.61
Hong Kong,HK,1819729,82.27,79,22.29,114.16,100,4.0,84.0
Port Hardy,CA,6111862,57.2,76,50.7,-127.42,75,11.41,57.2
Lakatoro,VU,2136697,71.6,83,-16.1,167.42,90,10.29,71.6
Mossamedes,AO,3347019,68.27,91,-15.2,12.15,19,4.0,68.27
Lüderitz,NA,3355672,71.6,26,-26.65,15.16,0,6.93,71.6
Portland,US,5746545,65.44,68,45.52,-122.68,75,4.7,69.01
Jurilovca,RO,675130,72.14,83,44.77,28.87,1,14.99,75.0
Guerrero Negro,MX,4021858,76.01,49,27.98,-114.06,0,14.79,76.01
Topaowan,CN,1811829,80.01,94,30.67,112.69,1,2.01,80.01
Omboué,GA,2396853,71.8,84,-1.57,9.26,0,6.53,71.8
Marawi,PH,1701054,75.0,91,8.0,124.29,29,3.0,75.0
Ixtapa,MX,4004293,87.01,70,20.7,-105.2,75,10.29,88.0
Voh,NC,2137748,60.28,71,-20.97,164.7,5,5.73,60.28
Saldanha,ZA,3361934,57.2,82,-33.01,17.94,0,3.36,57.2
Bam,IR,141736,89.24,14,29.11,58.36,0,10.98,89.24
Mnogovershinnyy,RU,2019935,45.09,99,53.94,139.92,100,5.28,45.09
Necochea,AR,3430443,48.99,86,-38.55,-58.74,100,14.0,48.99
Mitzic,GA,2398283,68.5,97,0.78,11.55,98,2.46,68.5
Khasan,RU,2039557,58.41,89,42.43,130.64,100,7.23,58.41
Zandvoort,NL,2744042,60.46,93,52.37,4.53,75,13.87,61.0
Puerto Escondido,MX,3520994,87.8,62,15.85,-97.07,75,11.23,87.8
Mana,GF,3381041,82.81,75,5.66,-53.78,10,11.61,82.81
Okha,RU,2122614,50.47,86,53.57,142.95,82,3.56,50.47
Khovd,MN,1516048,57.92,63,48.01,91.64,40,5.73,57.92
Sioux Lookout,CA,6148373,80.6,65,50.1,-91.92,75,5.82,80.6
Macas,EC,3654541,80.6,51,-2.32,-78.12,40,6.93,80.6
Padang,ID,1633419,76.91,77,-0.95,100.35,0,5.08,76.91
Saint-Pierre,RE,935214,61.68,56,-21.34,55.48,0,6.93,68.0
Cabo San Lucas,MX,3985710,83.97,74,22.89,-109.91,75,8.05,84.99
Kahului,US,5847411,79.57,54,20.89,-156.47,40,16.11,84.2
Ecoporanga,BR,3464364,66.06,90,-18.37,-40.83,95,2.35,66.06
Poum,NC,2138555,68.68,66,-20.23,164.02,0,18.25,68.68
Suslonger,RU,485964,51.8,71,56.32,48.25,35,4.47,51.8
Avarua,CK,4035715,78.8,69,-21.21,-159.78,54,12.75,78.8
Deputatsky,RU,2028164,50.52,65,69.3,139.9,37,3.62,50.52
Guangzhou,CN,1809858,85.17,70,23.12,113.25,40,4.47,86.0
Coahuayana Viejo,MX,4013679,84.2,66,18.73,-103.68,20,11.41,84.2
Volodarka,UA,689157,62.82,90,49.52,29.91,1,7.47,62.82
Cap Malheureux,MU,934649,66.99,81,-19.98,57.61,0,3.0,66.99
Pratāpgarh,IN,1259338,83.77,61,24.03,74.78,0,6.96,83.77
Novaya Igirma,RU,2019004,62.8,69,57.13,103.91,0,1.39,62.8
Kyra,RU,2021041,56.01,90,49.58,111.98,92,4.43,56.01
Bilma,NE,2446796,86.94,12,18.69,12.92,0,3.51,86.94
Sirte,LY,2210554,75.83,65,31.21,16.59,0,10.51,75.83
Tromsø,NO,6453316,44.6,75,69.65,18.96,90,8.05,44.6
Pulsano,IT,3169760,83.41,54,40.38,17.36,0,1.99,84.99
Isoka,ZM,916668,57.92,87,-10.16,32.63,10,2.3,57.92
Abu Dhabi,AE,292968,90.77,70,24.47,54.37,1,6.93,91.4
Cabedelo,BR,3404558,80.6,74,-6.98,-34.83,40,11.41,80.6
Sitka,US,5557293,55.4,76,57.05,-135.33,75,6.93,55.4
Trofors,NO,3133983,48.09,81,65.53,13.41,75,4.7,48.2
Yangi Marg`ilon,UZ,1513491,78.8,31,40.43,71.72,78,4.7,78.8
Assiut,EG,359783,87.8,22,27.18,31.18,0,10.29,87.8
Brae,GB,2654970,51.8,87,60.4,-1.35,100,23.04,51.8
Goderich,CA,5962442,75.67,72,43.75,-81.72,5,11.7,82.99
Kulhudhuffushi,MV,1337613,82.65,79,6.62,73.07,40,7.7,82.65
Abilene,US,4669635,95.11,52,32.45,-99.73,1,17.22,100.0
Ambilobe,MG,1082243,68.07,81,-13.2,49.05,0,2.68,68.07
Kutum,SD,371745,79.38,44,14.2,24.67,28,10.65,79.38
Punta Cardon,VE,3629614,84.24,68,11.66,-70.22,39,28.77,84.24
Oriximiná,BR,3393471,84.47,77,-1.77,-55.87,29,3.62,84.47
Oistins,BB,3373652,86.0,70,13.07,-59.53,75,19.46,86.0
Carutapera,BR,3402648,80.92,78,-1.2,-46.02,0,6.87,80.92
Kyabram,AU,2160910,49.01,86,-36.32,145.05,87,8.14,51.01
Karpogory,RU,552256,52.63,63,64.0,44.45,95,10.54,52.63
Nakonde,ZM,175555,59.97,73,-9.34,32.74,31,8.46,59.97
Kuusamo,FI,649924,55.4,93,65.97,29.18,90,10.29,55.4
West Monroe,US,4345850,89.6,62,32.52,-92.15,20,12.75,89.6
Sørland,NO,3137469,46.4,75,67.67,12.69,40,28.86,46.4
Camacha,PT,2270385,69.8,73,33.08,-16.33,40,11.41,69.8
Rosa Zarate,EC,3652257,83.53,69,0.33,-79.47,88,6.4,83.53
Elin Pelin,BG,731675,69.33,56,42.67,23.6,0,5.82,71.6
Constitución,CL,3893726,55.44,73,-35.33,-72.42,100,3.65,55.44
San Rafael del Sur,NI,3616594,86.0,62,11.85,-86.44,40,16.11,86.0
Ulaangom,MN,1515029,62.83,82,49.98,92.07,96,5.28,62.83
Salym,RU,1493162,49.39,79,60.06,71.48,93,4.14,49.39
Gizo Government Station,SB,2108857,80.37,78,-8.1,156.84,58,3.94,80.37
Cheremshan,RU,569318,46.18,90,54.67,51.5,0,2.98,46.18
Rio Grande,BR,3451138,58.48,100,-32.03,-52.1,90,11.41,59.0
Madang,PG,2091996,75.6,89,-5.22,145.8,69,3.78,75.6
Arraial do Cabo,BR,3471451,75.2,69,-22.97,-42.03,100,21.92,75.2
Kaduna,NG,2335727,72.97,86,10.52,7.44,100,4.41,72.97
Auki,SB,2109701,76.33,83,-8.77,160.7,7,4.38,76.33
Khandwa,IN,1267031,85.35,69,21.83,76.33,77,6.11,85.35
Udaipur,IN,1253986,83.91,58,24.57,73.69,100,4.23,83.91
Tual,ID,1623197,79.2,83,-5.67,132.75,86,18.54,79.2
Usagara,TZ,149151,68.0,72,-2.68,33.0,95,5.82,68.0
Sabang,ID,1214026,82.53,73,5.89,95.32,58,3.94,82.53
Ballina,AU,2177069,48.11,93,-28.87,153.57,29,6.33,51.01
Maceió,BR,3395981,78.8,74,-9.67,-35.74,40,11.41,78.8
Ambo,PE,3947956,71.67,43,-10.13,-76.2,11,9.35,71.67
Meulaboh,ID,1214488,76.57,89,4.14,96.13,100,4.52,76.57
Seoul,KR,1835848,63.84,100,37.57,126.98,100,2.24,64.4
Shingū,JP,1847947,73.87,94,33.73,135.98,100,11.48,73.87
Atbasar,KZ,1526038,55.96,89,51.8,68.33,95,6.67,55.96
Maltahöhe,NA,3355624,53.76,37,-24.83,16.98,0,10.02,53.76
Santiago de Cuba,CU,3536729,87.8,66,20.02,-75.82,40,11.41,87.8
Gimli,CA,5961417,88.3,40,50.63,-96.99,72,3.0,89.01
Shchigry,RU,495206,68.0,88,51.88,36.9,75,4.47,68.0
Oksbøl,DK,2615859,57.97,82,55.63,8.29,100,17.22,59.0
Vostok,RU,2013279,50.97,98,46.49,135.88,0,1.66,50.97
Domžale,SI,3201730,68.54,94,46.14,14.59,75,1.79,69.01
Mount Gambier,AU,2156643,42.8,81,-37.83,140.77,0,10.29,42.8
Mendeleyevo,RU,527581,68.0,49,56.03,37.22,100,8.95,68.0
Vao,NC,2137773,67.73,66,-22.67,167.48,0,17.96,67.73
Gemeente Wageningen,NL,2745087,61.7,100,51.97,5.67,75,13.87,63.0
Eggenfelden,DE,2933115,66.11,76,48.41,12.76,0,1.54,68.0
Iskateley,RU,866062,52.88,73,67.68,53.15,100,8.81,52.88
Alice Springs,AU,2077895,46.4,36,-23.7,133.88,0,2.24,46.4
Dikson,RU,1507390,42.28,95,73.51,80.55,100,1.05,42.28
Galle,LK,1246294,80.24,84,6.04,80.22,100,8.01,80.24
Martapura,ID,1636022,72.9,96,-3.42,114.85,9,1.72,72.9
Papar,MY,1733353,80.2,88,5.73,115.93,20,4.7,80.6
Vila Franca do Campo,PT,3372472,68.0,100,37.72,-25.43,75,14.99,68.0
Koslan,RU,544084,48.96,70,63.46,48.9,100,5.41,48.96
Viedma,AR,3832899,46.24,81,-40.81,-63.0,100,5.21,46.24
Tateyama,JP,1850523,75.13,94,34.98,139.87,75,11.41,75.2
Buchanan,LR,2278158,77.0,94,5.88,-10.05,75,8.25,77.0
Kaka,TM,161901,76.41,20,37.35,59.61,0,3.09,76.41
Amahai,ID,1651591,79.0,99,-3.33,128.92,100,2.24,79.0
Colac,AU,2171069,42.69,87,-38.33,143.58,0,4.63,44.01
Calvinia,ZA,3369174,53.87,39,-31.47,19.78,0,8.25,53.87
Ilulissat,GL,3423146,44.6,75,69.22,-51.1,75,5.82,44.6
Klaksvík,FO,2618795,48.2,66,62.23,-6.59,94,10.29,48.2
Mutoko,ZW,884927,52.66,82,-17.4,32.23,0,3.83,52.66
Gemena,CD,2315728,71.44,97,3.25,19.77,100,2.62,71.44
Coxim,BR,3465228,88.84,36,-18.51,-54.76,99,6.71,88.84
Yeppoon,AU,2142316,62.6,72,-23.13,150.73,90,8.05,62.6
Atambua,ID,1651103,67.03,85,-9.11,124.89,0,5.35,67.03
Kupang,ID,2057087,72.68,82,-10.17,123.58,0,7.76,72.68
Rawson,AR,3839307,45.95,88,-43.3,-65.1,100,19.82,45.95
Lékoni,GA,2399831,76.24,74,-1.58,14.26,100,7.11,76.24
Huancayo,PE,3939459,66.6,25,-12.07,-75.23,24,4.34,66.6
Raychikhinsk,RU,2017487,58.75,84,49.78,129.41,0,4.65,58.75
Verāval,IN,1253237,84.63,77,20.9,70.37,100,6.06,84.63
Tomatlán,MX,3981391,92.35,46,19.93,-105.25,0,11.79,92.35
Karasburg,NA,3356343,52.68,38,-28.02,18.75,0,6.6,52.68
Hay River,CA,5972762,69.8,60,60.82,-115.8,75,11.41,69.8
Grand Gaube,MU,934479,66.99,81,-20.01,57.66,0,3.0,66.99
Polunochnoye,RU,1494482,40.8,80,60.87,60.42,86,3.38,40.8
Batticaloa,LK,1250161,83.01,69,7.71,81.69,97,3.76,83.01
Nauta,PE,3692020,81.97,86,-4.51,-73.58,97,0.76,81.97
Srinagar,IN,1255634,67.08,63,34.08,74.82,99,1.43,67.08
Ereymentau,KZ,1524302,71.56,39,51.62,73.1,85,8.86,71.56
Verkhnyaya Inta,RU,1487332,39.04,86,65.98,60.31,14,10.42,39.04
Ukiah,US,5404476,85.73,25,39.15,-123.21,1,8.19,86.0
Thinadhoo,MV,1337610,84.49,62,0.53,72.93,12,3.09,84.49
Mayumba,GA,2399001,71.51,84,-3.43,10.66,57,3.8,71.51
Pathein,MM,1328421,79.72,87,16.78,94.73,100,4.63,79.72
Palmer,US,4946620,69.78,88,42.16,-72.33,75,3.44,73.0
Balkanabat,TM,161616,79.72,27,39.51,54.37,31,8.95,79.72
Rabo de Peixe,PT,3372745,68.0,100,37.8,-25.58,75,14.99,68.0
Ambérieu-en-Bugey,FR,3037943,77.16,44,45.96,5.34,75,4.7,78.8
Jumla,NP,1283285,62.46,69,29.27,82.18,54,1.1,62.46
Half Moon Bay,US,5354943,74.77,64,37.46,-122.43,5,9.17,79.0
Itaobim,BR,3460779,70.09,80,-16.57,-41.83,99,2.26,70.09
Bashmakovo,RU,578842,53.67,84,53.21,43.03,96,8.28,53.67
Florianópolis,BR,6323121,67.53,72,-27.61,-48.5,20,19.46,72.0
Harrison,US,4429197,89.51,55,30.41,-89.04,1,6.93,91.4
Ancud,CL,3899695,48.04,93,-41.87,-73.82,90,8.05,50.0
Apastovo,RU,581359,46.4,75,55.2,48.51,0,1.36,46.4
Andreapol',RU,582105,55.44,94,56.65,32.27,0,5.84,55.44
Becerril,CO,3689026,91.18,53,9.7,-73.28,76,2.48,91.18
Bathsheba,BB,3374083,86.0,70,13.22,-59.52,75,19.46,86.0
Aksu,CN,1529660,71.71,24,41.12,80.26,19,2.59,71.71
Takoradze,GH,2294915,75.67,84,4.88,-1.76,7,8.63,75.67
Kidodi,TZ,157826,72.64,66,-7.6,37.0,95,3.27,72.64
Aktash,RU,1511997,41.04,99,50.3,87.73,100,1.19,41.04
Luba,GQ,2309528,75.2,100,3.46,8.55,75,0.98,75.2
Wattegama,LK,1224061,77.99,77,6.8,81.48,100,7.14,77.99
Fairbanks,US,5861897,53.22,62,64.84,-147.72,75,6.93,54.0
Dingzhou,CN,1812728,69.8,88,38.51,115.0,0,2.24,69.8
Yomou,GN,2414079,71.08,97,7.56,-9.27,57,3.87,71.08
Garoowe,SO,58933,85.73,44,8.41,48.48,98,24.81,85.73
Hofn,IS,2630299,44.28,78,64.25,-15.21,100,7.85,44.28
Cocobeach,GA,2401357,77.0,83,1.0,9.58,75,5.82,77.0
Mahibadhoo,MV,1337605,83.48,72,3.78,72.97,61,5.5,83.48
Dodoma,TZ,160196,68.0,68,-6.17,35.74,20,10.29,68.0
Kavaratti,IN,1267390,83.46,76,10.57,72.64,100,18.54,83.46
Tanout,NE,2439155,92.46,32,14.97,8.89,85,15.32,92.46
Nueve de Julio,AR,3842881,50.0,99,-35.44,-60.88,100,7.0,50.0
North Platte,US,5697939,84.09,51,41.12,-100.77,40,13.87,84.2
Fort Nelson,CA,5955902,68.0,60,58.81,-122.7,75,6.93,68.0
Smoky Lake,CA,6150293,63.0,86,54.12,-112.47,100,8.01,63.0
Uglovoye,UA,690820,73.42,83,44.82,33.6,0,2.8,73.42
Oddur,SO,49747,75.16,74,4.12,43.89,32,16.44,75.16
Abalak,RU,1512223,50.23,93,58.13,68.59,100,4.25,50.23
Tazovsky,RU,1489853,46.27,91,67.47,78.7,100,15.57,46.27
Rangāpāra,IN,1258501,77.54,89,26.82,92.65,81,1.88,77.54
Moba,CN,7341918,61.84,79,33.23,105.02,100,3.31,61.84
Juba,SS,373303,73.58,81,4.85,31.58,96,3.38,73.58
Erzin,TR,296852,77.0,88,36.96,36.2,46,2.91,77.0
Natal,BR,3394023,81.54,65,-5.79,-35.21,40,18.34,82.4
Kondopoga,RU,545626,60.8,82,62.21,34.26,100,11.18,60.8
Boende,CD,218680,73.2,92,-0.22,20.87,100,2.28,73.2
Napāsar,IN,1261882,98.69,32,27.97,73.55,9,11.14,98.69
Rurrenabaque,BO,3906209,86.41,53,-14.44,-67.53,8,6.64,86.41
Chintamani,IN,1274129,73.4,100,13.4,78.07,40,10.29,73.4
Srednekolymsk,RU,2121025,51.78,55,67.45,153.68,0,9.28,51.78
Marabu,MY,1738050,77.0,100,4.41,114.01,40,1.12,77.0
Tara,RU,1490140,53.44,95,56.89,74.37,52,9.35,53.44
Carmaux,FR,3028580,70.72,56,44.05,2.16,36,3.36,75.2
Yuci,CN,1785974,62.6,77,37.68,112.73,99,2.51,62.6
San Quintín,MX,3984997,69.3,59,30.48,-115.95,0,13.49,69.3
São João da Barra,BR,3448903,77.0,61,-21.64,-41.05,75,23.04,77.0
Pontes e Lacerda,BR,3453060,91.04,36,-15.23,-59.34,9,6.76,91.04
Vilhena,BR,3924679,86.0,48,-12.74,-60.15,40,11.41,86.0
Thessalon,CA,6164831,86.0,30,46.25,-83.57,1,4.7,86.0
Ratnagiri,IN,1258338,80.29,84,16.98,73.3,100,5.99,80.29
Nampa,US,5601933,68.7,56,43.54,-116.56,40,6.93,70.0
Rawlins,US,5836068,44.6,75,41.79,-107.24,90,18.34,44.6
Vágur,FO,2610806,48.58,76,61.47,-6.81,100,22.91,48.58
Bilibino,RU,2126682,42.22,77,68.05,166.44,100,6.98,42.22
Aketi,CD,220448,73.54,92,2.74,23.78,100,1.03,73.54
Kamina,CD,214614,66.99,40,-8.74,24.99,0,4.18,66.99
Puerto Madero,MX,3520989,87.8,74,14.72,-92.42,20,11.41,87.8
Domoni,KM,921906,76.01,81,-12.26,44.53,66,13.27,76.01
Forsytheganj,BY,10722858,59.74,90,52.63,29.73,3,6.4,59.74
Farmington,US,5467328,76.71,8,36.73,-108.22,1,10.29,77.0
Berdigestyakh,RU,2026861,63.95,57,62.1,126.7,0,3.78,63.95
Ust'-Koksa,RU,1488167,48.61,83,50.27,85.61,100,1.21,48.61
Maniitsoq,GL,3421982,48.45,73,65.42,-52.9,100,11.86,48.45
Rafaela,AR,3839479,56.8,49,-31.25,-61.49,47,8.99,57.99
Chincha Alta,PE,3943789,66.99,79,-13.41,-76.13,71,13.0,66.99
Iwaki,JP,2112539,72.64,96,37.05,140.88,100,3.0,73.0
Kita,ML,2455216,77.68,77,13.03,-9.49,27,5.08,77.68
Nome,US,5870133,49.28,81,64.5,-165.41,90,11.41,51.01
Binucayan,PH,1724860,73.47,96,8.25,125.72,98,0.27,73.47
Presidencia Roque Sáenz Peña,AR,3840300,64.63,43,-26.79,-60.44,0,12.91,64.63
Santa Cruz de La Palma,ES,2511180,69.01,83,28.68,-17.76,75,16.11,71.6
Andenes,NO,3163146,44.6,81,69.31,16.12,75,26.4,44.6
Dukhovnitskoye,RU,564241,54.54,78,52.48,48.21,0,5.59,54.54
West Lafayette,US,4928096,84.69,58,40.43,-86.91,40,4.7,87.8
Codrington,AU,2171099,44.74,74,-38.27,141.97,0,12.82,44.74
Seydi,TM,1218420,80.04,16,39.48,62.91,0,8.3,80.04
Hargeisa,SO,57289,74.93,52,9.56,44.06,100,27.6,74.93
Carbonia,IT,2525362,82.9,37,39.17,8.52,0,11.41,84.0
Libreville,GA,2399697,77.0,83,0.39,9.45,75,5.82,77.0
Port-Gentil,GA,2396518,75.2,83,-0.72,8.78,90,8.05,75.2
Pundaguitan,PH,1698289,82.96,72,6.37,126.17,74,7.54,82.96
Moose Factory,CA,6078372,91.4,33,51.26,-80.61,1,8.05,91.4
Wonthaggi,AU,2154826,44.42,90,-38.6,145.59,0,9.08,48.99
Rocha,UY,3440777,55.89,96,-34.48,-54.33,100,12.64,55.89
Clevedon,GB,2652861,61.54,87,51.44,-2.86,90,10.29,63.0
Erdenet,MN,2031405,55.35,74,49.03,104.08,0,5.21,55.35
Tiarei,PF,4033356,80.6,57,-17.53,-149.33,20,3.36,80.6
Buta,CD,217570,71.64,96,2.79,24.73,100,2.24,71.64
Lashio,MM,1314759,69.08,99,22.93,97.75,100,0.4,69.08
Ouallam,NE,2440371,90.84,41,14.32,2.09,100,5.35,90.84
Kieta,PG,2094027,77.79,78,-6.22,155.63,68,1.34,77.79
Sinnamary,GF,3380290,82.92,74,5.38,-52.95,29,10.2,82.92
Agirish,RU,1512101,44.37,73,61.92,63.02,100,4.76,44.37
Muros,ES,3115824,74.17,67,42.78,-9.06,7,5.99,81.0
Manzhouli,CN,2035836,59.5,77,49.6,117.43,100,4.47,59.5
